Model,Best Clusters,Silhouette Score
BERT,2,0.0926150530576706
Sentence Transformers,2,0.07408381998538971
GloVe,3,0.06460941025561007
FastText,2,0.05838403105735779
Word2Vec,2,0.050535403192043304
